<?xml version="1.0" encoding="UTF-8" standalone="no" ?>
<racine>
    <barriereProtectrice>
        <abstrait Agrandissement="81.3929" FacteurRotation="220.815" Vec0="-178" Vec1="53.4" Vec2="0" />
    </barriereProtectrice>
    <barriereProtectrice>
        <abstrait Agrandissement="78.7604" FacteurRotation="318.294" Vec0="178.2" Vec1="55.4" Vec2="0" />
    </barriereProtectrice>
    <barriereProtectrice>
        <abstrait Agrandissement="59.4077" FacteurRotation="223.909" Vec0="180.2" Vec1="-62.2" Vec2="0" />
    </barriereProtectrice>
    <barriereProtectrice>
        <abstrait Agrandissement="72.9822" FacteurRotation="315.888" Vec0="-184.6" Vec1="-63" Vec2="0" />
    </barriereProtectrice>
    <stationSpatiale>
        <abstrait Agrandissement="1" FacteurRotation="0" PointDeVie="3" Vec0="-161.2" Vec1="39.2" Vec2="0" />
    </stationSpatiale>
    <stationSpatiale>
        <abstrait Agrandissement="1" FacteurRotation="0" PointDeVie="3" Vec0="162.8" Vec1="36.8" Vec2="0" />
    </stationSpatiale>
    <stationSpatiale>
        <abstrait Agrandissement="1" FacteurRotation="0" PointDeVie="3" Vec0="163.2" Vec1="-44.4" Vec2="0" />
    </stationSpatiale>
    <stationSpatiale>
        <abstrait Agrandissement="1" FacteurRotation="0" PointDeVie="3" Vec0="-169.2" Vec1="-47.6" Vec2="0" />
    </stationSpatiale>
    <portail>
        <abstrait Agrandissement="1" FacteurRotation="0" Vec0="-68.8" Vec1="-26.8" Vec2="0" />
    </portail>
    <portail>
        <abstrait Agrandissement="1" FacteurRotation="0" Vec0="80" Vec1="39.6" Vec2="0" />
    </portail>
    <bonusAccelerateur>
        <abstrait Agrandissement="1" FacteurRotation="0" Vec0="-66" Vec1="48" Vec2="0" />
    </bonusAccelerateur>
    <bonusAccelerateur>
        <abstrait Agrandissement="1" FacteurRotation="0" Vec0="77.6" Vec1="-25.6" Vec2="0" />
    </bonusAccelerateur>
    <barriereProtectrice>
        <abstrait Agrandissement="44" FacteurRotation="270" Vec0="-3" Vec1="9.6" Vec2="0" />
    </barriereProtectrice>
    <barriereProtectrice>
        <abstrait Agrandissement="46" FacteurRotation="0" Vec0="-2.8" Vec1="11.2" Vec2="-0" />
    </barriereProtectrice>
    <bonusAccelerateur>
        <abstrait Agrandissement="1" FacteurRotation="0" Vec0="-193.4" Vec1="72" Vec2="0" />
    </bonusAccelerateur>
    <bonusAccelerateur>
        <abstrait Agrandissement="1" FacteurRotation="0" Vec0="-198.6" Vec1="-72" Vec2="0" />
    </bonusAccelerateur>
    <bonusAccelerateur>
        <abstrait Agrandissement="1" FacteurRotation="0" Vec0="192.2" Vec1="68" Vec2="0" />
    </bonusAccelerateur>
    <bonusAccelerateur>
        <abstrait Agrandissement="1" FacteurRotation="0" Vec0="190.6" Vec1="-73.2" Vec2="0" />
    </bonusAccelerateur>
    <proprietes stations="1" frequence="60" acceleration="10" cotediff="1" />
</racine>
